	Loan_ID	ApplicantIncome	CoapplicantIncome	LoanAmount	Loan_Amount_Term	Credit_History	TotalIncome	LoanAmount_log	TotalIncome_log	Gender_Female	Gender_Male	Married_No	Married_Yes	Dependents_0	Dependents_0	Dependents_1	Dependents_2	Dependents_3+	Education_Graduate	Education_Not Graduate	Self_Employed_No	Self_Employed_Yes	Property_Area_Rural	Property_Area_Semiurban	Property_Area_Urban	predicted_output
0	LP001015	5720	0	110.0	360.0	1.0	5720	4.700480365792417	8.651724084373843	0	1	0	1	0	1	0	0	0	1	0	1	0	0	0	1	1
1	LP001022	3076	1500	126.0	360.0	1.0	4576	4.836281906951478	8.428580533059634	0	1	0	1	0	0	1	0	0	1	0	1	0	0	0	1	1
2	LP001031	5000	1800	208.0	360.0	1.0	6800	5.337538079701318	8.824677891164198	0	1	0	1	0	0	0	1	0	1	0	1	0	0	0	1	1
3	LP001035	2340	2546	100.0	360.0	1.0	4886	4.605170185988092	8.494129251817686	0	1	0	1	0	0	0	1	0	1	0	1	0	0	0	1	1
4	LP001051	3276	0	78.0	360.0	1.0	3276	4.356708826689592	8.09437844497296	0	1	1	0	0	1	0	0	0	0	1	1	0	0	0	1	0
5	LP001054	2165	3422	152.0	360.0	1.0	5587	5.0238805208462765	8.628197749459149	0	1	0	1	0	1	0	0	0	0	1	0	1	0	0	1	1
6	LP001055	2226	0	59.0	360.0	1.0	2226	4.07753744390572	7.70796153183549	1	0	1	0	0	0	1	0	0	0	1	1	0	0	1	0	0
7	LP001056	3881	0	147.0	360.0	0.0	3881	4.990432586778736	8.263848131368906	0	1	0	1	0	0	0	1	0	0	1	1	0	1	0	0	0
8	LP001059	13633	0	280.0	240.0	1.0	13633	5.634789603169249	9.520248603186129	0	1	0	1	0	0	0	1	0	1	0	1	0	0	0	1	1
9	LP001067	2400	2400	123.0	360.0	1.0	4800	4.812184355372417	8.476371196895983	0	1	1	0	0	1	0	0	0	0	1	1	0	0	1	0	0
10	LP001078	3091	0	90.0	360.0	1.0	3091	4.499809670330265	8.036249942132116	0	1	1	0	0	1	0	0	0	0	1	1	0	0	0	1	0
11	LP001082	2185	1516	162.0	360.0	1.0	3701	5.087596335232384	8.216358332386156	0	1	0	1	0	0	1	0	0	1	0	1	0	0	1	0	1
12	LP001083	4166	0	40.0	180.0	1.0	4166	3.6888794541139363	8.334711621820917	0	1	1	0	0	0	0	0	1	1	0	1	0	0	0	1	0
13	LP001094	12173	0	166.0	360.0	0.0	12173	5.111987788356544	9.406975663409597	0	1	0	1	0	0	0	1	0	1	0	1	0	0	1	0	1
14	LP001096	4666	0	124.0	360.0	1.0	4666	4.820281565605037	8.448057452581375	1	0	1	0	0	1	0	0	0	1	0	1	0	0	1	0	0
15	LP001099	5667	0	131.0	360.0	1.0	5667	4.875197323201151	8.64241515616962	0	1	1	0	0	0	1	0	0	1	0	1	0	0	0	1	1
16	LP001105	4583	2916	200.0	360.0	1.0	7499	5.298317366548036	8.92252495730139	0	1	0	1	0	0	0	1	0	1	0	1	0	0	0	1	1
17	LP001107	3786	333	126.0	360.0	1.0	4119	4.836281906951478	8.323365694436081	0	1	0	1	0	0	0	0	1	1	0	1	0	0	1	0	1
18	LP001108	9226	7916	300.0	360.0	1.0	17142	5.703782474656201	9.749286871458828	0	1	0	1	0	1	0	0	0	1	0	1	0	0	0	1	1
19	LP001115	1300	3470	100.0	180.0	1.0	4770	4.605170185988092	8.470101583882387	0	1	1	0	0	1	0	0	0	1	0	1	0	0	1	0	0
20	LP001121	1888	1620	48.0	360.0	1.0	3508	3.871201010907891	8.162801353492073	0	1	0	1	0	0	1	0	0	0	1	1	0	0	0	1	1
21	LP001124	2083	0	28.0	180.0	1.0	2083	3.332204510175204	7.641564441260972	1	0	1	0	0	0	0	0	1	0	1	1	0	0	0	1	0
22	LP001128	3909	0	101.0	360.0	1.0	3909	4.61512051684126	8.271036865792954	0	1	1	0	0	1	0	0	0	1	0	1	0	0	0	1	1
23	LP001135	3765	0	125.0	360.0	1.0	3765	4.8283137373023015	8.233503140233994	1	0	1	0	0	1	0	0	0	0	1	1	0	0	0	1	1
24	LP001149	5400	4380	290.0	360.0	1.0	9780	5.66988092298052	9.188094763028863	0	1	0	1	0	1	0	0	0	1	0	1	0	0	0	1	1
25	LP001153	0	24000	148.0	360.0	0.0	24000	4.997212273764115	10.085809109330082	0	1	1	0	0	1	0	0	0	1	0	1	0	1	0	0	0
26	LP001163	4363	1250	140.0	360.0	1.0	5613	4.941642422609304	8.6328406149422	0	1	0	1	0	0	0	1	0	1	0	1	0	0	0	1	1
27	LP001169	7500	3750	275.0	360.0	1.0	11250	5.616771097666572	9.328123407632566	0	1	0	1	0	1	0	0	0	1	0	1	0	0	0	1	1
28	LP001174	3772	833	57.0	360.0	1.0	4605	4.04305126783455	8.434897948689407	0	1	0	1	0	1	0	0	0	1	0	1	0	0	1	0	1
29	LP001176	2942	2382	125.0	180.0	1.0	5324	4.8283137373023015	8.579980179515003	0	1	1	0	0	1	0	0	0	1	0	1	0	0	0	1	1
30	LP001177	2478	0	75.0	360.0	1.0	2478	4.31748811353631	7.815207062189088	1	0	1	0	0	1	0	0	0	0	1	1	0	0	1	0	0
31	LP001183	6250	820	192.0	360.0	1.0	7070	5.2574953720277815	8.863615758890619	0	1	0	1	0	0	0	1	0	1	0	1	0	0	0	1	1
32	LP001185	3268	1683	152.0	360.0	1.0	4951	5.0238805208462765	8.507344855361422	0	1	1	0	0	1	0	0	0	1	0	1	0	0	1	0	0
33	LP001187	2783	2708	158.0	360.0	1.0	5491	5.062595033026967	8.610865667278873	0	1	0	1	0	1	0	0	0	1	0	1	0	0	0	1	1
34	LP001190	2740	1541	101.0	360.0	1.0	4281	4.61512051684126	8.361941906144946	0	1	0	1	0	1	0	0	0	1	0	1	0	0	0	1	1
35	LP001203	3150	0	176.0	360.0	0.0	3150	5.170483995038151	8.055157731819678	0	1	1	0	0	1	0	0	0	1	0	1	0	0	1	0	0
36	LP001208	7350	4029	185.0	180.0	1.0	11379	5.220355825078324	9.339524830357009	0	1	0	1	0	0	0	1	0	1	0	1	0	0	0	1	1
37	LP001210	2267	2792	90.0	360.0	1.0	5059	4.499809670330265	8.528924114291936	0	1	0	1	0	1	0	0	0	1	0	0	1	0	0	1	1
38	LP001211	5833	0	116.0	360.0	1.0	5833	4.7535901911063645	8.671286726753637	0	1	1	0	0	1	0	0	0	1	0	0	1	0	0	1	1
39	LP001219	3643	1963	138.0	360.0	1.0	5606	4.927253685157205	8.631592731724734	0	1	1	0	0	1	0	0	0	1	0	1	0	0	0	1	1
40	LP001220	5629	818	100.0	360.0	1.0	6447	4.605170185988092	8.77137018531062	0	1	0	1	0	1	0	0	0	1	0	1	0	0	0	1	1
41	LP001221	3644	0	110.0	360.0	1.0	3644	4.700480365792417	8.200837258379849	1	0	1	0	0	1	0	0	0	1	0	1	0	0	0	1	1
42	LP001226	1750	2024	90.0	360.0	1.0	3774	4.499809670330265	8.235890725928495	0	1	0	1	0	1	0	0	0	0	1	1	0	0	1	0	0
43	LP001230	6500	2600	200.0	360.0	1.0	9100	5.298317366548036	9.116029692504942	0	1	1	0	0	1	0	0	0	1	0	1	0	0	1	0	0
44	LP001231	3666	0	84.0	360.0	1.0	3666	4.430816798843313	8.20685642839965	1	0	1	0	0	1	0	0	0	1	0	1	0	0	0	1	1
45	LP001232	4260	3900	185.0	360.0	1.0	8160	5.220355825078324	9.006999447958153	0	1	0	1	0	1	0	0	0	1	0	1	0	0	0	1	1
46	LP001237	4163	1475	162.0	360.0	1.0	5638	5.087596335232384	8.637284671674058	0	1	0	1	1	0	0	0	0	0	1	1	0	0	0	1	1
47	LP001242	2356	1902	108.0	360.0	1.0	4258	4.68213122712422	8.356554845453426	0	1	1	0	0	1	0	0	0	0	1	1	0	0	1	0	0
48	LP001268	6792	3338	187.0	360.0	1.0	10130	5.231108616854587	9.22325659724273	0	1	1	0	0	1	0	0	0	1	0	1	0	0	0	1	1
49	LP001270	8000	250	187.0	360.0	1.0	8250	5.231108616854587	9.017968479328726	0	1	0	1	0	0	0	0	1	0	1	0	1	0	1	0	1
50	LP001284	2419	1707	124.0	360.0	1.0	4126	4.820281565605037	8.325063693631197	0	1	0	1	0	0	1	0	0	1	0	1	0	0	0	1	1
51	LP001287	3500	833	120.0	360.0	1.0	4333	4.787491742782046	8.374015421739909	0	1	0	1	0	0	0	0	1	0	1	1	0	0	1	0	1
52	LP001291	3500	3077	160.0	360.0	1.0	6577	5.075173815233827	8.79133399330135	0	1	0	1	0	0	1	0	0	1	0	1	0	0	1	0	1
53	LP001298	4116	1000	30.0	180.0	1.0	5116	3.4011973816621555	8.540128162698734	0	1	0	1	0	0	0	1	0	1	0	1	0	0	0	1	1
54	LP001312	5293	0	92.0	360.0	1.0	5293	4.5217885770490405	8.574140471857987	0	1	0	1	0	1	0	0	0	0	1	0	1	0	0	1	1
55	LP001313	2750	0	130.0	360.0	0.0	2750	4.867534450455582	7.919356190660617	0	1	1	0	0	1	0	0	0	1	0	1	0	0	0	1	1
56	LP001317	4402	0	130.0	360.0	1.0	4402	4.867534450455582	8.389814262086407	1	0	1	0	0	1	0	0	0	0	1	1	0	1	0	0	0
57	LP001321	3613	3539	134.0	180.0	1.0	7152	4.897839799950911	8.87514731685335	0	1	0	1	0	0	0	1	0	1	0	1	0	0	1	0	1
58	LP001323	2779	3664	176.0	360.0	0.0	6443	5.170483995038151	8.770749549138642	1	0	0	1	0	0	0	1	0	1	0	1	0	0	1	0	1
59	LP001324	4720	0	90.0	180.0	1.0	4720	4.499809670330265	8.459564078579602	0	1	0	1	0	0	0	0	1	1	0	1	0	0	1	0	1
60	LP001332	2415	1721	110.0	360.0	1.0	4136	4.700480365792417	8.327484416188264	0	1	0	1	0	1	0	0	0	0	1	1	0	0	1	0	0
61	LP001335	7016	292	125.0	360.0	1.0	7308	4.8283137373023015	8.896724917497897	0	1	0	1	0	1	0	0	0	1	0	0	1	0	0	1	1
62	LP001338	4968	0	189.0	360.0	1.0	4968	5.241747015059643	8.510772623613315	1	0	1	0	0	0	0	1	0	1	0	1	0	0	1	0	0
63	LP001347	2101	1500	108.0	360.0	0.0	3601	4.68213122712422	8.188966863648876	1	0	1	0	0	1	0	0	0	1	0	1	0	1	0	0	0
64	LP001348	4490	0	125.0	360.0	1.0	4490	4.8283137373023015	8.4096079807363	0	1	0	1	0	0	0	0	1	0	1	1	0	0	0	1	0
65	LP001351	2917	3583	138.0	360.0	1.0	6500	4.927253685157205	8.779557455883728	0	1	0	1	0	1	0	0	0	1	0	1	0	0	1	0	1
66	LP001352	4700	0	135.0	360.0	0.0	4700	4.90527477843843	8.45531778769815	0	1	0	1	0	1	0	0	0	0	1	1	0	0	1	0	1
67	LP001358	3445	0	130.0	360.0	0.0	3445	4.867534450455582	8.144679183447758	0	1	0	1	0	1	0	0	0	1	0	1	0	0	1	0	1
68	LP001359	7666	0	187.0	360.0	1.0	7666	5.231108616854587	8.9445502459405	0	1	0	1	0	1	0	0	0	1	0	1	0	0	1	0	1
69	LP001361	2458	5105	188.0	360.0	0.0	7563	5.236441962829949	8.93102321585603	0	1	0	1	0	1	0	0	0	1	0	1	0	1	0	0	1
70	LP001366	3250	0	95.0	360.0	1.0	3250	4.553876891600541	8.086410275323782	1	0	1	0	1	0	0	0	0	1	0	1	0	0	1	0	0
71	LP001368	4463	0	65.0	360.0	1.0	4463	4.174387269895637	8.40357646462927	0	1	1	0	0	1	0	0	0	1	0	1	0	0	1	0	0
72	LP001375	4083	1775	139.0	60.0	1.0	5858	4.9344739331306915	8.675563527387679	0	1	0	1	0	0	1	0	0	1	0	1	0	0	0	1	1
73	LP001380	3900	2094	232.0	360.0	1.0	5994	5.44673737166631	8.69851424787661	0	1	0	1	0	1	0	0	0	1	0	0	1	1	0	0	1
74	LP001386	4750	3583	144.0	360.0	1.0	8333	4.969813299576001	9.027978814382207	0	1	0	1	0	1	0	0	0	0	1	1	0	0	1	0	1
75	LP001400	3583	3435	155.0	360.0	1.0	7018	5.043425116919247	8.85623355614316	0	1	1	0	0	1	0	0	0	1	0	1	0	0	0	1	1
76	LP001407	3189	2367	186.0	360.0	1.0	5556	5.225746673713202	8.622633703874234	0	1	0	1	0	1	0	0	0	1	0	1	0	0	0	1	1
77	LP001413	6356	0	50.0	360.0	1.0	6356	3.912023005428146	8.757154527656606	0	1	1	0	0	1	0	0	0	1	0	0	1	1	0	0	0
78	LP001415	3413	4053	136.13259668508286	360.0	1.0	7466	4.91362938638163	8.91811465947453	0	1	0	1	0	0	1	0	0	1	0	1	0	0	1	0	1
79	LP001419	7950	0	185.0	360.0	1.0	7950	5.220355825078324	8.980927207648378	1	0	0	1	0	1	0	0	0	1	0	1	0	0	0	1	0
80	LP001420	3829	1103	163.0	360.0	0.0	4932	5.093750200806762	8.503499864284235	0	1	0	1	0	0	0	0	1	1	0	1	0	0	0	1	1
81	LP001428	72529	0	360.0	360.0	1.0	72529	5.886104031450156	11.191741760864094	0	1	0	1	0	0	0	0	1	1	0	1	0	0	0	1	1
82	LP001445	4136	0	149.0	480.0	0.0	4136	5.003946305945459	8.327484416188264	0	1	0	1	0	0	0	1	0	0	1	1	0	1	0	0	0
83	LP001446	8449	0	257.0	360.0	1.0	8449	5.54907608489522	9.041803370152845	0	1	0	1	0	1	0	0	0	1	0	1	0	1	0	0	1
84	LP001450	4456	0	131.0	180.0	0.0	4456	4.875197323201151	8.40200678160712	0	1	0	1	0	1	0	0	0	1	0	1	0	0	1	0	1
85	LP001452	4635	8000	102.0	180.0	1.0	12635	4.624972813284271	9.444226019822295	0	1	0	1	0	0	0	1	0	1	0	1	0	1	0	0	1
86	LP001455	3571	1917	135.0	360.0	1.0	5488	4.90527477843843	8.610319169405722	0	1	0	1	0	1	0	0	0	1	0	1	0	0	0	1	1
87	LP001466	3066	0	95.0	360.0	1.0	3066	4.553876891600541	8.028129059431759	0	1	1	0	0	1	0	0	0	1	0	1	0	0	1	0	0
88	LP001471	3235	2015	77.0	360.0	1.0	5250	4.343805421853684	8.565983355585669	0	1	1	0	0	0	0	1	0	0	1	1	0	0	1	0	1
89	LP001472	5058	0	200.0	360.0	1.0	5058	5.298317366548036	8.52872642722991	1	0	1	0	0	1	0	0	0	1	0	1	0	1	0	0	0
90	LP001475	3188	2286	130.0	360.0	1.0	5474	4.867534450455582	8.607764889600624	0	1	0	1	0	1	0	0	0	1	0	0	1	1	0	0	1
91	LP001483	13518	0	390.0	360.0	1.0	13518	5.966146739123692	9.511777409660299	0	1	0	1	0	0	0	0	1	1	0	1	0	1	0	0	1
92	LP001486	4364	2500	185.0	360.0	1.0	6864	5.220355825078324	8.834045641167798	0	1	0	1	0	0	1	0	0	1	0	1	0	0	1	0	1
93	LP001490	4766	1646	100.0	360.0	1.0	6412	4.605170185988092	8.765926513729443	0	1	0	1	0	0	0	1	0	0	1	1	0	0	1	0	1
94	LP001496	4609	2333	123.0	360.0	0.0	6942	4.812184355372417	8.845345196421732	0	1	0	1	0	0	1	0	0	1	0	1	0	0	1	0	1
95	LP001499	6260	0	110.0	360.0	1.0	6260	4.700480365792417	8.741935464094144	1	0	0	1	0	0	0	0	1	1	0	1	0	0	1	0	1
96	LP001500	3333	4200	256.0	360.0	1.0	7533	5.545177444479562	8.927048647825695	0	1	0	1	0	0	1	0	0	1	0	1	0	0	0	1	1
97	LP001501	3500	3250	140.0	360.0	1.0	6750	4.941642422609304	8.817297783866575	0	1	0	1	0	1	0	0	0	1	0	1	0	0	1	0	1
98	LP001517	9719	0	61.0	360.0	1.0	9719	4.110873864173311	9.181838011503471	0	1	0	1	0	0	0	0	1	1	0	1	0	0	0	1	1
99	LP001527	6835	0	188.0	360.0	1.0	6835	5.236441962829949	8.82981174915805	0	1	0	1	0	0	0	0	1	1	0	1	0	0	1	0	1
100	LP001534	4452	0	131.0	360.0	1.0	4452	4.875197323201151	8.401108712395436	0	1	1	0	0	1	0	0	0	1	0	1	0	1	0	0	0
101	LP001542	2262	0	136.13259668508286	480.0	0.0	2262	4.91362938638163	7.724004656676065	1	0	0	1	0	1	0	0	0	1	0	1	0	0	1	0	0
102	LP001547	3901	0	116.0	360.0	1.0	3901	4.7535901911063645	8.268988209506656	0	1	0	1	0	0	1	0	0	1	0	1	0	0	0	1	1
103	LP001548	2687	0	50.0	180.0	1.0	2687	3.912023005428146	7.8961806086154915	0	1	0	1	0	0	0	1	0	0	1	1	0	1	0	0	0
104	LP001558	2243	2233	107.0	360.0	1.0	4476	4.672828834461906	8.406485069431817	0	1	1	0	0	1	0	0	0	1	0	1	0	0	1	0	0
105	LP001561	3417	1287	200.0	360.0	1.0	4704	5.298317366548036	8.456168489578463	1	0	0	1	0	1	0	0	0	1	0	1	0	0	1	0	1
106	LP001563	1596	1760	119.0	360.0	0.0	3356	4.77912349311153	8.118505067587098	0	1	1	0	0	1	0	0	0	1	0	1	0	0	0	1	1
107	LP001567	4513	0	120.0	360.0	1.0	4513	4.787491742782046	8.414717399827001	0	1	0	1	0	0	0	0	1	1	0	1	0	1	0	0	1
108	LP001568	4500	0	140.0	360.0	1.0	4500	4.941642422609304	8.411832675758411	0	1	0	1	0	1	0	0	0	1	0	1	0	0	1	0	1
109	LP001573	4523	1350	165.0	360.0	1.0	5873	5.10594547390058	8.67812085552252	0	1	0	1	0	1	0	0	0	0	1	1	0	0	0	1	1
110	LP001584	4742	0	108.0	360.0	1.0	4742	4.68213122712422	8.464214266625351	1	0	1	0	0	1	0	0	0	1	0	0	1	0	1	0	0
111	LP001587	4082	0	93.0	360.0	1.0	4082	4.532599493153256	8.31434234336979	0	1	0	1	1	0	0	0	0	1	0	1	0	0	1	0	1
112	LP001589	3417	0	102.0	360.0	1.0	3417	4.624972813284271	8.136518252115291	1	0	1	0	0	1	0	0	0	1	0	1	0	0	0	1	1
113	LP001591	2922	3396	122.0	360.0	1.0	6318	4.804021044733257	8.75115798136203	1	0	0	1	0	0	0	1	0	1	0	1	0	0	1	0	1
114	LP001599	4167	4754	160.0	360.0	1.0	8921	5.075173815233827	9.096163326913784	0	1	0	1	0	1	0	0	0	1	0	1	0	1	0	0	1
115	LP001601	4243	4123	157.0	360.0	1.0	8366	5.056245805348308	9.031931152002144	0	1	1	0	0	0	0	0	1	1	0	1	0	0	1	0	0
116	LP001607	0	1760	180.0	360.0	1.0	1760	5.19295685089021	7.473069088032197	1	0	1	0	0	1	0	0	0	0	1	1	0	0	1	0	0
117	LP001611	1516	2900	80.0	360.0	0.0	4416	4.382026634673881	8.392989587956931	0	1	0	1	0	0	1	0	0	1	0	1	0	1	0	0	1
118	LP001613	1762	2666	104.0	360.0	0.0	4428	4.6443908991413725	8.395703293828527	1	0	1	0	0	1	0	0	0	1	0	1	0	0	0	1	1
119	LP001622	724	3510	213.0	360.0	0.0	4234	5.3612921657094255	8.350902451694811	0	1	0	1	0	0	0	1	0	1	0	1	0	1	0	0	1
120	LP001627	3125	0	65.0	360.0	1.0	3125	4.174387269895637	8.047189562170502	0	1	1	0	0	1	0	0	0	1	0	1	0	0	0	1	1
121	LP001650	2333	3803	146.0	360.0	1.0	6136	4.983606621708336	8.721928343047091	0	1	0	1	0	1	0	0	0	1	0	1	0	1	0	0	1
122	LP001651	3350	1560	135.0	360.0	1.0	4910	4.90527477843843	8.499029220788566	0	1	0	1	0	0	0	0	1	1	0	1	0	0	0	1	1
123	LP001652	2500	6414	187.0	360.0	0.0	8914	5.231108616854587	9.0953783535065	0	1	1	0	0	1	0	0	0	1	0	1	0	1	0	0	0
124	LP001655	12500	0	300.0	360.0	0.0	12500	5.703782474656201	9.433483923290392	1	0	1	0	0	1	0	0	0	1	0	1	0	0	0	1	1
125	LP001660	4667	0	120.0	360.0	1.0	4667	4.787491742782046	8.448271745949816	0	1	1	0	0	1	0	0	0	1	0	1	0	0	1	0	0
126	LP001662	6500	0	71.0	360.0	0.0	6500	4.2626798770413155	8.779557455883728	0	1	1	0	0	1	0	0	0	1	0	1	0	0	0	1	1
127	LP001663	7500	0	225.0	360.0	1.0	7500	5.41610040220442	8.922658299524402	0	1	0	1	0	0	0	1	0	1	0	1	0	0	0	1	1
128	LP001667	3073	0	70.0	180.0	1.0	3073	4.248495242049359	8.030409562130485	0	1	1	0	0	1	0	0	0	1	0	1	0	0	0	1	1
129	LP001695	3321	2088	70.0	360.0	1.0	5409	4.248495242049359	8.595819511871428	0	1	0	1	0	0	1	0	0	0	1	1	0	0	1	0	1
130	LP001703	3333	1270	124.0	360.0	1.0	4603	4.820281565605037	8.434463543817241	0	1	0	1	0	1	0	0	0	1	0	1	0	0	0	1	1
131	LP001718	3391	0	132.0	360.0	1.0	3391	4.882801922586371	8.128880142125638	0	1	1	0	0	1	0	0	0	1	0	1	0	1	0	0	0
132	LP001728	3343	1517	105.0	360.0	1.0	4860	4.653960350157523	8.48879371689454	0	1	0	1	0	0	1	0	0	1	0	0	1	1	0	0	1
133	LP001735	3620	0	90.0	360.0	1.0	3620	4.499809670330265	8.194229304819817	1	0	1	0	0	0	1	0	0	1	0	1	0	0	0	1	0
134	LP001737	4000	0	83.0	84.0	1.0	4000	4.418840607796598	8.294049640102028	0	1	1	0	0	1	0	0	0	1	0	1	0	0	0	1	1
135	LP001739	4258	0	125.0	360.0	1.0	4258	4.8283137373023015	8.356554845453426	0	1	0	1	0	1	0	0	0	1	0	1	0	0	0	1	1
136	LP001742	4500	0	147.0	360.0	1.0	4500	4.990432586778736	8.411832675758411	0	1	0	1	0	0	0	1	0	1	0	1	0	1	0	0	1
137	LP001757	2014	2925	120.0	360.0	1.0	4939	4.787491742782046	8.504918160540624	0	1	0	1	0	0	1	0	0	1	0	1	0	1	0	0	1
138	LP001769	3333	1250	110.0	360.0	1.0	4583	4.700480365792417	8.430109084509125	0	1	1	0	1	0	0	0	0	1	0	1	0	0	1	0	0
139	LP001771	4083	0	103.0	360.0	1.0	4083	4.634728988229636	8.314587291319576	1	0	1	0	0	0	0	0	1	1	0	1	0	0	1	0	0
140	LP001785	4727	0	150.0	360.0	0.0	4727	5.0106352940962555	8.461046030793236	0	1	1	0	0	1	0	0	0	1	0	1	0	1	0	0	0
141	LP001787	3089	2999	100.0	240.0	1.0	6088	4.605170185988092	8.714074899541522	0	1	0	1	0	0	0	0	1	1	0	1	0	1	0	0	1
142	LP001789	6794	528	139.0	360.0	0.0	7322	4.9344739331306915	8.898638793680181	0	1	0	1	0	0	0	0	1	0	1	1	0	0	0	1	1
143	LP001791	32000	0	550.0	360.0	1.0	32000	6.309918278226516	10.373491181781864	0	1	0	1	0	1	0	0	0	1	0	0	1	0	1	0	1
144	LP001794	10890	0	260.0	12.0	1.0	10890	5.560681631015528	9.295600215927006	0	1	0	1	0	0	0	1	0	1	0	0	1	1	0	0	1
145	LP001797	12941	0	150.0	300.0	1.0	12941	5.0106352940962555	9.46815584482167	1	0	1	0	0	1	0	0	0	1	0	1	0	0	0	1	1
146	LP001815	3276	0	90.0	360.0	1.0	3276	4.499809670330265	8.09437844497296	0	1	1	0	0	1	0	0	0	0	1	1	0	0	1	0	0
147	LP001817	8703	0	199.0	360.0	0.0	8703	5.293304824724492	9.071423072789514	0	1	1	0	0	1	0	0	0	0	1	0	1	1	0	0	0
148	LP001818	4742	717	139.0	360.0	1.0	5459	4.9344739331306915	8.605020901781758	0	1	0	1	0	0	1	0	0	1	0	1	0	0	1	0	1
149	LP001822	5900	0	150.0	360.0	1.0	5900	5.0106352940962555	8.68270762989381	0	1	1	0	0	1	0	0	0	1	0	1	0	0	0	1	1
150	LP001827	3071	4309	180.0	360.0	1.0	7380	5.19295685089021	8.906528917594517	0	1	1	0	0	1	0	0	0	1	0	1	0	0	0	1	1
151	LP001831	2783	1456	113.0	360.0	1.0	4239	4.727387818712341	8.352082671352637	0	1	0	1	0	1	0	0	0	1	0	1	0	0	0	1	1
152	LP001842	5000	0	148.0	360.0	1.0	5000	4.997212273764115	8.517193191416238	0	1	1	0	0	1	0	0	0	1	0	1	0	1	0	0	0
153	LP001853	2463	2360	117.0	360.0	0.0	4823	4.762173934797756	8.481151420068972	0	1	0	1	0	0	1	0	0	0	1	1	0	0	0	1	1
154	LP001855	4855	0	72.0	360.0	1.0	4855	4.276666119016055	8.487764380725425	0	1	0	1	0	0	0	1	0	1	0	1	0	1	0	0	1
155	LP001857	1599	2474	125.0	300.0	1.0	4073	4.8283137373023015	8.312135107648412	0	1	1	0	0	1	0	0	0	0	1	0	1	0	1	0	0
156	LP001862	4246	4246	214.0	360.0	1.0	8492	5.365976015021851	9.046879822823147	0	1	0	1	0	0	0	1	0	1	0	0	1	0	0	1	1
157	LP001867	4333	2291	133.0	350.0	1.0	6624	4.890349128221754	8.798454696065095	0	1	0	1	0	1	0	0	0	1	0	1	0	1	0	0	1
158	LP001878	5823	2529	187.0	360.0	1.0	8352	5.231108616854587	9.03025631012242	0	1	1	0	0	0	1	0	0	1	0	1	0	0	1	0	0
159	LP001881	7895	0	143.0	360.0	1.0	7895	4.962844630259907	8.973984926689743	0	1	0	1	0	1	0	0	0	0	1	1	0	1	0	0	0
160	LP001886	4150	4256	209.0	360.0	1.0	8406	5.342334251964811	9.036701015565063	0	1	1	0	0	1	0	0	0	1	0	1	0	1	0	0	0
161	LP001906	2964	0	84.0	360.0	0.0	2964	4.430816798843313	7.994294986415977	0	1	1	0	0	1	0	0	0	1	0	1	0	0	1	0	0
162	LP001909	5583	0	116.0	360.0	1.0	5583	4.7535901911063645	8.62748154531036	0	1	1	0	0	1	0	0	0	1	0	1	0	0	0	1	1
163	LP001911	2708	0	65.0	360.0	1.0	2708	4.174387269895637	7.903965634032166	1	0	1	0	0	1	0	0	0	1	0	1	0	1	0	0	0
164	LP001921	3180	2370	80.0	240.0	1.0	5550	4.382026634673881	8.62155320674048	0	1	1	0	0	0	1	0	0	1	0	1	0	1	0	0	0
165	LP001923	2268	0	170.0	360.0	0.0	2268	5.135798437050262	7.7266536648476425	0	1	1	0	0	1	0	0	0	0	1	1	0	0	1	0	0
166	LP001933	1141	2017	120.0	360.0	0.0	3158	4.787491742782046	8.057694194815587	0	1	1	0	0	0	0	1	0	0	1	1	0	0	0	1	0
167	LP001943	3042	3167	135.0	360.0	1.0	6209	4.90527477843843	8.733755131364893	0	1	0	1	0	1	0	0	0	1	0	1	0	0	0	1	1
168	LP001950	1750	2935	94.0	360.0	0.0	4685	4.543294782270004	8.452121194672523	1	0	0	1	0	0	0	0	1	1	0	1	0	0	1	0	1
169	LP001959	3564	0	79.0	360.0	1.0	3564	4.3694478524670215	8.1786387885907	1	0	0	1	0	0	1	0	0	1	0	1	0	1	0	0	1
170	LP001961	3958	0	110.0	360.0	1.0	3958	4.700480365792417	8.28349412616251	1	0	1	0	0	1	0	0	0	1	0	1	0	1	0	0	0
171	LP001973	4483	0	130.0	360.0	1.0	4483	4.867534450455582	8.40804774415544	0	1	0	1	0	0	0	1	0	0	1	1	0	1	0	0	0
172	LP001975	5225	0	143.0	360.0	1.0	5225	4.962844630259907	8.561210076833012	0	1	0	1	0	1	0	0	0	1	0	1	0	1	0	0	1
173	LP001979	3017	2845	159.0	180.0	0.0	5862	5.0689042022202315	8.676246121270838	0	1	1	0	0	1	0	0	0	1	0	1	0	0	0	1	1
174	LP001995	2431	1820	110.0	360.0	0.0	4251	4.700480365792417	8.35490952835879	0	1	0	1	0	1	0	0	0	0	1	1	0	1	0	0	0
175	LP001999	4912	4614	160.0	360.0	1.0	9526	5.075173815233827	9.161780181360806	0	1	0	1	0	0	0	1	0	1	0	1	0	1	0	0	1
176	LP002007	2500	3333	131.0	360.0	1.0	5833	4.875197323201151	8.671286726753637	0	1	0	1	0	0	0	1	0	0	1	1	0	0	0	1	1
177	LP002009	2918	0	65.0	360.0	1.0	2918	4.174387269895637	7.978653729082731	1	0	1	0	0	1	0	0	0	1	0	1	0	1	0	0	0
178	LP002016	5128	0	143.0	360.0	1.0	5128	4.962844630259907	8.542470998600505	0	1	0	1	0	0	0	1	0	1	0	1	0	1	0	0	1
179	LP002017	15312	0	187.0	360.0	1.0	15312	5.231108616854587	9.636392113692736	0	1	0	1	0	0	0	0	1	1	0	1	0	0	0	1	1
180	LP002018	3958	2632	160.0	360.0	1.0	6590	5.075173815233827	8.793308627496552	0	1	0	1	0	0	0	1	0	1	0	1	0	0	1	0	1
181	LP002027	4334	2945	165.0	360.0	1.0	7279	5.10594547390058	8.892748769118258	0	1	0	1	0	1	0	0	0	1	0	1	0	0	1	0	1
182	LP002028	4358	0	110.0	360.0	1.0	4358	4.700480365792417	8.379768515504566	0	1	0	1	0	0	0	1	0	1	0	1	0	0	0	1	1
183	LP002042	4000	3917	173.0	360.0	1.0	7917	5.153291594497779	8.976767625171433	1	0	0	1	0	0	1	0	0	1	0	1	0	1	0	0	1
184	LP002045	10166	750	150.0	360.0	1.0	10916	5.0106352940962555	9.29798488182823	0	1	0	1	0	0	0	0	1	1	0	1	0	0	0	1	1
185	LP002046	4483	0	135.0	360.0	1.0	4483	4.90527477843843	8.40804774415544	0	1	0	1	0	1	0	0	0	0	1	1	0	0	1	0	1
186	LP002047	4521	1184	150.0	360.0	1.0	5705	5.0106352940962555	8.649098262296176	0	1	0	1	0	0	0	1	0	0	1	1	0	0	1	0	1
187	LP002056	9167	0	235.0	360.0	1.0	9167	5.459585514144159	9.123365357961776	0	1	0	1	0	0	0	1	0	1	0	1	0	0	1	0	1
188	LP002057	13083	0	136.13259668508286	360.0	1.0	13083	4.91362938638163	9.479068956510876	0	1	0	1	0	1	0	0	0	0	1	1	0	1	0	0	1
189	LP002059	7874	3967	336.0	360.0	1.0	11841	5.817111159963204	9.379323364330956	0	1	0	1	0	0	0	1	0	1	0	1	0	1	0	0	1
190	LP002062	4333	0	132.0	84.0	1.0	4333	4.882801922586371	8.374015421739909	1	0	0	1	0	0	1	0	0	1	0	1	0	1	0	0	1
191	LP002064	4083	0	96.0	360.0	1.0	4083	4.564348191467836	8.314587291319576	0	1	1	0	0	1	0	0	0	1	0	1	0	0	0	1	1
192	LP002069	3785	2912	180.0	360.0	0.0	6697	5.19295685089021	8.80941494391005	0	1	0	1	0	0	0	1	0	0	1	1	0	1	0	0	1
193	LP002070	2654	1998	128.0	360.0	0.0	4652	4.852030263919617	8.445052513638554	0	1	0	1	0	0	0	0	1	0	1	1	0	1	0	0	0
194	LP002077	10000	2690	412.0	360.0	1.0	12690	6.021023349349527	9.448569560708433	0	1	0	1	0	0	1	0	0	1	0	1	0	0	1	0	1
195	LP002083	5833	0	116.0	360.0	1.0	5833	4.7535901911063645	8.671286726753637	0	1	1	0	0	1	0	0	0	1	0	0	1	0	0	1	1
196	LP002090	4796	0	114.0	360.0	0.0	4796	4.736198448394496	8.475537516147405	0	1	0	1	0	0	1	0	0	1	0	1	0	0	1	0	1
197	LP002096	2000	1600	115.0	360.0	1.0	3600	4.74493212836325	8.1886891244442	0	1	0	1	0	1	0	0	0	0	1	1	0	1	0	0	0
198	LP002099	2540	700	104.0	360.0	0.0	3240	4.6443908991413725	8.083328608786376	0	1	0	1	0	0	0	1	0	1	0	1	0	0	0	1	1
199	LP002102	1900	1442	88.0	360.0	1.0	3342	4.477336814478207	8.114324709155339	0	1	0	1	0	1	0	0	0	1	0	0	1	1	0	0	1
200	LP002105	8706	0	108.0	480.0	1.0	8706	4.68213122712422	9.071767722112243	0	1	0	1	0	1	0	0	0	1	0	0	1	1	0	0	1
201	LP002107	2855	542	90.0	360.0	1.0	3397	4.499809670330265	8.130647968160584	0	1	0	1	0	0	0	0	1	0	1	1	0	0	0	1	0
202	LP002111	3016	1300	100.0	360.0	1.0	4316	4.605170185988092	8.370084326378025	0	1	0	1	1	0	0	0	0	1	0	1	0	0	0	1	1
203	LP002117	3159	2374	108.0	360.0	1.0	5533	4.68213122712422	8.618485442898109	1	0	0	1	0	1	0	0	0	1	0	1	0	0	1	0	1
204	LP002118	1937	1152	78.0	360.0	1.0	3089	4.356708826689592	8.035602692918582	1	0	1	0	0	1	0	0	0	1	0	1	0	0	1	0	0
205	LP002123	2613	2417	123.0	360.0	1.0	5030	4.812184355372417	8.523175263093785	0	1	0	1	0	1	0	0	0	1	0	1	0	0	1	0	1
206	LP002125	4960	2600	187.0	360.0	1.0	7560	5.231108616854587	8.930626469173578	0	1	0	1	0	0	1	0	0	1	0	1	0	0	1	0	1
207	LP002148	3074	1083	146.0	360.0	1.0	4157	4.983606621708336	8.332548939252638	0	1	0	1	0	0	1	0	0	1	0	1	0	0	1	0	1
208	LP002152	4213	0	80.0	360.0	1.0	4213	4.382026634673881	8.345930261979017	1	0	1	0	0	1	0	0	0	1	0	1	0	0	0	1	1
209	LP002165	2038	4027	100.0	360.0	1.0	6065	4.605170185988092	8.71028982137815	0	1	1	0	0	0	1	0	0	0	1	1	0	1	0	0	0
210	LP002167	2362	0	55.0	360.0	1.0	2362	4.007333185232471	7.767263996757308	1	0	1	0	0	1	0	0	0	1	0	1	0	0	0	1	0
211	LP002168	5333	2400	200.0	360.0	0.0	7733	5.298317366548036	8.953252164609035	0	1	1	0	0	1	0	0	0	1	0	1	0	1	0	0	0
212	LP002172	5384	0	150.0	360.0	1.0	5384	5.0106352940962555	8.591186871324563	0	1	0	1	0	0	0	0	1	1	0	0	1	0	1	0	1
213	LP002176	5708	0	150.0	360.0	1.0	5708	5.0106352940962555	8.649623978596727	0	1	1	0	0	1	0	0	0	1	0	1	0	1	0	0	0
214	LP002183	3754	3719	118.0	360.0	1.0	7473	4.770684624465665	8.91905180393029	0	1	0	1	0	1	0	0	0	0	1	1	0	1	0	0	0
215	LP002184	2914	2130	150.0	300.0	1.0	5044	5.0106352940962555	8.52595469708481	0	1	0	1	0	1	0	0	0	0	1	1	0	0	0	1	1
216	LP002186	2747	2458	118.0	36.0	1.0	5205	4.770684624465665	8.557374981049069	0	1	0	1	0	1	0	0	0	0	1	1	0	0	1	0	1
217	LP002192	7830	2183	212.0	360.0	1.0	10013	5.356586274672012	9.211639527707803	0	1	0	1	0	1	0	0	0	1	0	1	0	1	0	0	1
218	LP002195	3507	3148	212.0	360.0	1.0	6655	5.356586274672012	8.803123730829212	0	1	0	1	0	0	1	0	0	1	0	0	1	1	0	0	1
219	LP002208	3747	2139	125.0	360.0	1.0	5886	4.8283137373023015	8.680331928793418	0	1	0	1	0	0	1	0	0	1	0	1	0	0	0	1	1
220	LP002212	2166	2166	108.0	360.0	1.0	4332	4.68213122712422	8.37378460812088	0	1	0	1	0	1	0	0	0	1	0	1	0	0	0	1	1
221	LP002240	3500	2168	149.0	360.0	1.0	5668	5.003946305945459	8.64259160081057	0	1	0	1	0	1	0	0	0	0	1	1	0	1	0	0	0
222	LP002245	2896	0	80.0	480.0	1.0	2896	4.382026634673881	7.971085753505607	0	1	0	1	0	0	0	1	0	0	1	1	0	0	0	1	1
223	LP002253	5062	0	152.0	300.0	1.0	5062	5.0238805208462765	8.529516941105069	1	0	1	0	0	0	1	0	0	1	0	1	0	1	0	0	0
224	LP002256	5184	0	187.0	360.0	0.0	5184	5.231108616854587	8.55333223803211	1	0	1	0	0	0	0	1	0	1	0	0	1	0	1	0	0
225	LP002257	2545	0	74.0	360.0	1.0	2545	4.30406509320417	7.841885928984623	1	0	1	0	0	1	0	0	0	1	0	1	0	0	0	1	1
226	LP002264	2553	1768	102.0	360.0	1.0	4321	4.624972813284271	8.371242135931933	0	1	0	1	0	1	0	0	0	1	0	1	0	0	0	1	1
227	LP002270	3436	3809	100.0	360.0	1.0	7245	4.605170185988092	8.888066854754783	0	1	0	1	0	0	1	0	0	1	0	1	0	1	0	0	0
228	LP002279	2412	2755	130.0	360.0	1.0	5167	4.867534450455582	8.550047528287184	0	1	1	0	0	1	0	0	0	1	0	1	0	1	0	0	0
229	LP002286	5180	0	125.0	360.0	0.0	5180	4.8283137373023015	8.55256033525353	0	1	0	1	0	0	0	0	1	0	1	1	0	0	0	1	1
230	LP002294	14911	14507	130.0	360.0	1.0	29418	4.867534450455582	10.289362010879287	0	1	1	0	0	1	0	0	0	1	0	1	0	0	1	0	0
231	LP002298	2860	2988	138.0	360.0	1.0	5848	4.927253685157205	8.673855001429615	0	1	1	0	0	1	0	0	0	1	0	0	1	0	0	1	1
232	LP002306	1173	1594	28.0	180.0	1.0	2767	3.332204510175204	7.925518979786926	0	1	0	1	0	1	0	0	0	1	0	1	0	1	0	0	0
233	LP002310	7600	0	92.0	360.0	1.0	7600	4.5217885770490405	8.935903526274423	1	0	1	0	0	0	1	0	0	1	0	1	0	0	1	0	0
234	LP002311	2157	1788	104.0	360.0	1.0	3945	4.6443908991413725	8.280204233279974	1	0	0	1	0	1	0	0	0	1	0	1	0	0	0	1	0
235	LP002316	2231	2774	176.0	360.0	0.0	5005	5.170483995038151	8.518192691749322	0	1	1	0	0	1	0	0	0	1	0	1	0	0	0	1	1
236	LP002321	2274	5211	117.0	360.0	0.0	7485	4.762173934797756	8.920656296853728	1	0	1	0	0	1	0	0	0	1	0	1	0	0	1	0	0
237	LP002325	6166	13983	102.0	360.0	1.0	20149	4.624972813284271	9.910909938351766	0	1	0	1	0	0	0	1	0	0	1	1	0	1	0	0	1
238	LP002326	2513	1110	107.0	360.0	1.0	3623	4.672828834461906	8.195057690895077	0	1	0	1	0	0	0	1	0	0	1	1	0	0	1	0	1
239	LP002329	4333	0	66.0	480.0	1.0	4333	4.189654742026425	8.374015421739909	0	1	1	0	0	1	0	0	0	1	0	1	0	0	0	1	1
240	LP002333	3844	0	105.0	360.0	1.0	3844	4.653960350157523	8.254268770090183	0	1	1	0	0	1	0	0	0	0	1	1	0	0	0	1	0
241	LP002339	3887	1517	105.0	360.0	0.0	5404	4.653960350157523	8.59489469908009	0	1	0	1	0	1	0	0	0	1	0	1	0	0	1	0	1
242	LP002344	3510	828	105.0	360.0	1.0	4338	4.653960350157523	8.37516869138682	0	1	0	1	0	1	0	0	0	1	0	1	0	0	1	0	1
243	LP002346	2539	1704	125.0	360.0	0.0	4243	4.8283137373023015	8.353025845202325	0	1	0	1	0	1	0	0	0	1	0	1	0	1	0	0	1
244	LP002354	2107	0	64.0	360.0	1.0	2107	4.1588830833596715	7.653020413804189	1	0	1	0	0	1	0	0	0	0	1	1	0	0	1	0	0
245	LP002355	3186	3145	150.0	180.0	0.0	6331	5.0106352940962555	8.753213480544126	0	1	0	1	0	1	0	0	0	1	0	1	0	0	1	0	1
246	LP002358	5000	2166	150.0	360.0	1.0	7166	5.0106352940962555	8.8771028978649	0	1	0	1	0	0	0	1	0	1	0	0	1	0	0	1	1
247	LP002360	10000	0	136.13259668508286	360.0	1.0	10000	4.91362938638163	9.210340371976184	0	1	0	1	1	0	0	0	0	1	0	1	0	0	0	1	1
248	LP002375	3943	0	64.0	360.0	1.0	3943	4.1588830833596715	8.279697133877628	0	1	0	1	0	1	0	0	0	0	1	0	1	0	1	0	0
249	LP002376	2925	0	40.0	180.0	1.0	2925	3.6888794541139363	7.981049759665957	0	1	1	0	0	1	0	0	0	1	0	1	0	1	0	0	0
250	LP002383	3242	437	142.0	480.0	0.0	3679	4.955827057601261	8.210396255104774	0	1	0	1	0	0	0	0	1	1	0	1	0	0	0	1	1
251	LP002385	3863	0	70.0	300.0	1.0	3863	4.248495242049359	8.259199362666282	0	1	0	1	1	0	0	0	0	1	0	1	0	0	1	0	1
252	LP002389	4028	0	131.0	360.0	1.0	4028	4.875197323201151	8.301025253838453	1	0	1	0	0	0	1	0	0	1	0	1	0	0	1	0	0
253	LP002394	4010	1025	120.0	360.0	1.0	5035	4.787491742782046	8.524168805152662	0	1	0	1	0	0	0	1	0	1	0	1	0	0	0	1	1
254	LP002397	3719	1585	114.0	360.0	1.0	5304	4.736198448394496	8.576216531865699	1	0	0	1	0	0	1	0	0	1	0	1	0	0	0	1	1
255	LP002399	2858	0	123.0	360.0	0.0	2858	4.812184355372417	7.957877358489813	0	1	1	0	0	1	0	0	0	1	0	1	0	1	0	0	0
256	LP002400	3833	0	92.0	360.0	1.0	3833	4.5217885770490405	8.251403065380556	1	0	0	1	0	1	0	0	0	1	0	1	0	1	0	0	0
257	LP002402	3333	4288	160.0	360.0	1.0	7621	5.075173815233827	8.938662873666118	0	1	0	1	0	1	0	0	0	1	0	1	0	0	0	1	1
258	LP002412	3007	3725	151.0	360.0	1.0	6732	5.017279836814924	8.814627555310697	0	1	0	1	0	1	0	0	0	1	0	1	0	1	0	0	1
259	LP002415	1850	4583	81.0	360.0	1.0	6433	4.394449154672439	8.769196271411001	1	0	1	0	0	0	1	0	0	1	0	1	0	1	0	0	0
260	LP002417	2792	2619	171.0	360.0	1.0	5411	5.14166355650266	8.596189197642735	0	1	0	1	0	0	0	0	1	0	1	1	0	0	1	0	1
261	LP002420	2982	1550	110.0	360.0	1.0	4532	4.700480365792417	8.418918622147897	0	1	0	1	0	1	0	0	0	1	0	1	0	0	1	0	1
262	LP002425	3417	738	100.0	360.0	1.0	4155	4.605170185988092	8.332067707289548	0	1	1	0	0	1	0	0	0	1	0	1	0	1	0	0	0
263	LP002433	18840	0	234.0	360.0	1.0	18840	5.455321115357702	9.843737548130354	0	1	0	1	0	0	1	0	0	1	0	1	0	1	0	0	1
264	LP002440	2995	1120	184.0	360.0	1.0	4115	5.214935757608986	8.32239411311117	0	1	0	1	0	0	0	1	0	1	0	1	0	1	0	0	1
265	LP002441	3579	3308	138.0	360.0	1.0	6887	4.927253685157205	8.837390855544697	0	1	1	0	1	0	0	0	0	1	0	1	0	0	1	0	0
266	LP002442	3835	1400	112.0	480.0	0.0	5235	4.718498871295094	8.563122123304638	1	0	0	1	0	0	1	0	0	0	1	1	0	0	0	1	1
267	LP002445	3854	3575	117.0	360.0	1.0	7429	4.762173934797756	8.913146539151807	1	0	1	0	0	0	1	0	0	0	1	1	0	1	0	0	0
268	LP002450	5833	750	49.0	360.0	0.0	6583	3.8918202981106265	8.792245847467877	0	1	0	1	0	0	0	1	0	1	0	1	0	1	0	0	1
269	LP002471	3508	0	99.0	360.0	1.0	3508	4.59511985013459	8.162801353492073	0	1	1	0	0	1	0	0	0	1	0	1	0	1	0	0	0
270	LP002476	1635	2444	99.0	360.0	1.0	4079	4.59511985013459	8.313607139317558	1	0	0	1	0	0	0	0	1	0	1	1	0	0	0	1	0
271	LP002482	3333	3916	212.0	360.0	1.0	7249	5.356586274672012	8.888618807300878	1	0	1	0	0	1	0	0	0	1	0	0	1	1	0	0	0
272	LP002485	24797	0	240.0	360.0	1.0	24797	5.480638923341991	10.118477957093951	0	1	1	0	0	0	1	0	0	1	0	1	0	0	1	0	0
273	LP002495	5667	440	130.0	360.0	0.0	6107	4.867534450455582	8.717190933223135	0	1	0	1	0	0	0	1	0	1	0	1	0	0	1	0	1
274	LP002496	3500	0	94.0	360.0	0.0	3500	4.543294782270004	8.160518247477505	1	0	1	0	0	1	0	0	0	1	0	1	0	0	1	0	0
275	LP002523	2773	1497	108.0	360.0	1.0	4270	4.68213122712422	8.35936910622267	0	1	0	1	0	0	0	0	1	1	0	1	0	0	1	0	1
276	LP002542	6500	0	144.0	360.0	1.0	6500	4.969813299576001	8.779557455883728	0	1	0	1	0	1	0	0	0	1	0	1	0	0	0	1	1
277	LP002550	5769	0	110.0	180.0	1.0	5769	4.700480365792417	8.660254034256889	1	0	1	0	0	1	0	0	0	1	0	1	0	0	1	0	0
278	LP002551	3634	910	176.0	360.0	0.0	4544	5.170483995038151	8.421562960400987	0	1	0	1	0	0	0	0	1	0	1	1	0	0	1	0	1
279	LP002553	29167	0	185.0	360.0	1.0	29167	5.220355825078324	10.280793212183719	0	1	1	0	0	1	0	0	0	1	0	1	0	0	1	0	0
280	LP002554	2166	2057	122.0	360.0	1.0	4223	4.804021044733257	8.348301054933943	0	1	1	0	0	1	0	0	0	1	0	1	0	0	1	0	0
281	LP002561	5000	0	126.0	360.0	1.0	5000	4.836281906951478	8.517193191416238	0	1	0	1	0	1	0	0	0	1	0	1	0	1	0	0	1
282	LP002566	5530	0	135.0	360.0	1.0	5530	4.90527477843843	8.61794309451638	1	0	1	0	0	1	0	0	0	1	0	1	0	0	0	1	1
283	LP002568	9000	0	122.0	360.0	1.0	9000	4.804021044733257	9.104979856318357	0	1	1	0	0	1	0	0	0	0	1	1	0	1	0	0	0
284	LP002570	10000	11666	460.0	360.0	1.0	21666	6.131226489483141	9.983499490505512	1	0	0	1	0	0	0	1	0	1	0	1	0	0	0	1	1
285	LP002572	8750	0	297.0	360.0	1.0	8750	5.6937321388027	9.07680897935166	0	1	0	1	0	0	1	0	0	1	0	1	0	0	0	1	1
286	LP002581	2157	2730	140.0	360.0	1.0	4887	4.941642422609304	8.494333897270154	0	1	0	1	0	1	0	0	0	0	1	1	0	1	0	0	0
287	LP002584	1972	4347	106.0	360.0	1.0	6319	4.663439094112067	8.751316246773456	0	1	1	0	0	1	0	0	0	1	0	1	0	1	0	0	0
288	LP002592	4983	0	141.0	360.0	1.0	4983	4.948759890378168	8.513787398281405	0	1	1	0	0	1	0	0	0	1	0	1	0	0	0	1	1
289	LP002593	8333	4000	136.13259668508286	360.0	1.0	12333	4.91362938638163	9.420033875565988	0	1	0	1	0	0	1	0	0	1	0	1	0	0	0	1	1
290	LP002599	3667	2000	170.0	360.0	1.0	5667	5.135798437050262	8.64241515616962	0	1	0	1	0	1	0	0	0	1	0	1	0	0	1	0	1
291	LP002604	3166	2833	145.0	360.0	1.0	5999	4.976733742420574	8.699348067653093	0	1	0	1	0	0	0	1	0	1	0	1	0	0	0	1	1
292	LP002605	3271	0	90.0	360.0	1.0	3271	4.499809670330265	8.092851027538384	0	1	1	0	0	1	0	0	0	0	1	1	0	1	0	0	0
293	LP002609	2241	2000	88.0	360.0	0.0	4241	4.477336814478207	8.352554369474591	1	0	0	1	0	1	0	0	0	1	0	1	0	0	0	1	0
294	LP002610	1792	2565	128.0	360.0	1.0	4357	4.852030263919617	8.379539026117442	0	1	0	1	0	0	1	0	0	0	1	1	0	0	0	1	1
295	LP002612	2666	0	84.0	480.0	1.0	2666	4.430816798843313	7.888334500738654	1	0	0	1	0	1	0	0	0	1	0	1	0	0	1	0	1
296	LP002614	6478	0	108.0	360.0	1.0	6478	4.68213122712422	8.776167099731275	0	1	1	0	0	1	0	0	0	1	0	1	0	0	1	0	0
297	LP002630	3808	0	83.0	360.0	1.0	3808	4.418840607796598	8.244859395911256	0	1	1	0	0	1	0	0	0	0	1	1	0	1	0	0	0
298	LP002635	3729	0	117.0	360.0	1.0	3729	4.762173934797756	8.22389538017882	1	0	0	1	0	0	0	1	0	0	1	1	0	0	1	0	1
299	LP002639	4120	0	128.0	360.0	1.0	4120	4.852030263919617	8.323608442343572	0	1	0	1	0	0	0	1	0	1	0	1	0	1	0	0	1
300	LP002644	7500	0	75.0	360.0	1.0	7500	4.31748811353631	8.922658299524402	0	1	0	1	0	0	1	0	0	1	0	0	1	0	0	1	1
301	LP002651	6300	0	125.0	360.0	0.0	6300	4.8283137373023015	8.748304912379623	0	1	0	1	0	0	1	0	0	1	0	1	0	0	0	1	1
302	LP002654	14987	0	177.0	360.0	1.0	14987	5.176149732573829	9.614938437644996	1	0	1	0	1	0	0	0	0	1	0	0	1	1	0	0	0
303	LP002657	570	2125	68.0	360.0	1.0	2695	4.219507705176107	7.899153483343097	0	1	0	1	0	0	1	0	0	0	1	0	1	1	0	0	0
304	LP002711	2600	700	96.0	360.0	1.0	3300	4.564348191467836	8.101677747454572	0	1	0	1	0	1	0	0	0	1	0	1	0	0	1	0	1
305	LP002712	2733	1083	180.0	360.0	1.0	3816	5.19295685089021	8.246958032568177	0	1	1	0	0	0	0	1	0	0	1	1	0	0	1	0	1
306	LP002721	7500	0	183.0	360.0	1.0	7500	5.209486152841421	8.922658299524402	0	1	0	1	0	0	0	1	0	1	0	0	1	1	0	0	1
307	LP002735	3859	0	121.0	360.0	1.0	3859	4.795790545596741	8.258163361537619	0	1	0	1	0	0	0	1	0	0	1	1	0	1	0	0	0
308	LP002744	6825	0	162.0	360.0	1.0	6825	5.087596335232384	8.82834762005316	0	1	0	1	0	0	1	0	0	1	0	1	0	1	0	0	1
309	LP002745	3708	4700	132.0	360.0	1.0	8408	4.882801922586371	9.036938912556787	0	1	0	1	0	1	0	0	0	1	0	1	0	0	1	0	1
310	LP002746	5314	0	147.0	360.0	1.0	5314	4.990432586778736	8.57810012631976	0	1	1	0	0	1	0	0	0	1	0	1	0	0	0	1	1
311	LP002747	2366	5272	153.0	360.0	0.0	7638	5.030437921392435	8.940891067785461	1	0	1	0	0	0	0	0	1	1	0	1	0	1	0	0	0
312	LP002754	2066	2108	104.0	84.0	1.0	4174	4.6443908991413725	8.336630087637147	0	1	1	0	1	0	0	0	0	1	0	1	0	0	0	1	1
313	LP002759	5000	0	149.0	360.0	1.0	5000	5.003946305945459	8.517193191416238	0	1	0	1	0	0	0	1	0	1	0	1	0	1	0	0	1
314	LP002760	3767	0	134.0	300.0	1.0	3767	4.897839799950911	8.23403420769204	1	0	1	0	0	1	0	0	0	1	0	1	0	0	0	1	1
315	LP002766	7859	879	165.0	180.0	1.0	8738	5.10594547390058	9.075436609511382	1	0	0	1	0	1	0	0	0	1	0	1	0	0	1	0	1
316	LP002769	4283	0	120.0	360.0	1.0	4283	4.787491742782046	8.36240897761537	1	0	0	1	0	1	0	0	0	1	0	1	0	1	0	0	0
317	LP002774	1700	2900	67.0	360.0	0.0	4600	4.204692619390966	8.433811582477187	0	1	0	1	0	1	0	0	0	0	1	1	0	0	0	1	1
318	LP002775	4768	0	125.0	360.0	1.0	4768	4.8283137373023015	8.469682208745185	0	1	1	0	0	1	0	0	0	0	1	1	0	1	0	0	0
319	LP002781	3083	2738	120.0	360.0	1.0	5821	4.787491742782046	8.669227347271736	0	1	1	0	0	1	0	0	0	1	0	1	0	0	0	1	1
320	LP002782	2667	1542	148.0	360.0	1.0	4209	4.997212273764115	8.344980368770571	0	1	0	1	0	0	1	0	0	1	0	1	0	1	0	0	1
321	LP002786	1647	1762	181.0	360.0	1.0	3409	5.198497031265826	8.134174272137903	1	0	0	1	0	1	0	0	0	0	1	1	0	0	0	1	0
322	LP002790	3400	0	80.0	120.0	1.0	3400	4.382026634673881	8.131530710604252	0	1	0	1	0	0	0	0	1	1	0	1	0	0	0	1	1
323	LP002791	16000	5000	40.0	360.0	1.0	21000	3.6888794541139363	9.95227771670556	0	1	1	0	0	0	1	0	0	1	0	1	0	0	1	0	0
324	LP002793	5333	0	90.0	360.0	1.0	5333	4.499809670330265	8.581669210600602	0	1	0	1	0	1	0	0	0	1	0	1	0	1	0	0	1
325	LP002802	2875	2416	95.0	6.0	0.0	5291	4.553876891600541	8.57376254290413	0	1	1	0	0	1	0	0	0	1	0	1	0	0	1	0	0
326	LP002803	2600	618	122.0	360.0	1.0	3218	4.804021044733257	8.076515327552329	0	1	0	1	0	0	1	0	0	0	1	1	0	0	1	0	1
327	LP002805	5041	700	150.0	360.0	1.0	5741	5.0106352940962555	8.655388690167637	0	1	0	1	0	0	0	1	0	1	0	1	0	0	0	1	1
328	LP002806	6958	1411	150.0	360.0	1.0	8369	5.0106352940962555	9.032289682032873	0	1	0	1	0	0	0	0	1	1	0	0	1	1	0	0	1
329	LP002816	3500	1658	104.0	360.0	1.0	5158	4.6443908991413725	8.54830418644129	0	1	0	1	0	0	1	0	0	1	0	1	0	0	1	0	1
330	LP002823	5509	0	143.0	360.0	1.0	5509	4.962844630259907	8.614138397472717	0	1	0	1	0	1	0	0	0	1	0	1	0	1	0	0	1
331	LP002825	9699	0	300.0	360.0	1.0	9699	5.703782474656201	9.179778066393542	0	1	0	1	0	0	0	0	1	1	0	1	0	0	0	1	1
332	LP002826	3621	2717	171.0	360.0	1.0	6338	5.14166355650266	8.754318540250866	1	0	0	1	0	0	1	0	0	0	1	1	0	0	0	1	1
333	LP002843	4709	0	113.0	360.0	1.0	4709	4.727387818712341	8.457230850243555	1	0	0	1	0	1	0	0	0	1	0	1	0	0	1	0	1
334	LP002849	1516	1951	35.0	360.0	1.0	3467	3.5553480614894135	8.151044945685024	0	1	0	1	0	1	0	0	0	1	0	1	0	0	1	0	1
335	LP002850	2400	0	46.0	360.0	1.0	2400	3.828641396489095	7.783224016336037	0	1	1	0	0	0	0	1	0	1	0	1	0	0	0	1	0
336	LP002853	3015	2000	145.0	360.0	1.0	5015	4.976733742420574	8.520188700396035	1	0	1	0	0	1	0	0	0	0	1	1	0	0	0	1	1
337	LP002856	2292	1558	119.0	360.0	1.0	3850	4.77912349311153	8.25582842728183	0	1	0	1	0	1	0	0	0	1	0	1	0	0	0	1	1
338	LP002857	2360	3355	87.0	240.0	1.0	5715	4.465908118654584	8.65084957622891	0	1	0	1	0	0	1	0	0	1	0	0	1	1	0	0	1
339	LP002858	4333	2333	162.0	360.0	0.0	6666	5.087596335232384	8.804775258867686	1	0	1	0	0	1	0	0	0	1	0	1	0	1	0	0	0
340	LP002860	2623	4831	122.0	180.0	1.0	7454	4.804021044733257	8.916506080039204	0	1	0	1	0	1	0	0	0	1	0	0	1	0	1	0	1
341	LP002867	3972	4275	187.0	360.0	1.0	8247	5.231108616854587	9.017604776833355	0	1	1	0	0	1	0	0	0	1	0	0	1	1	0	0	0
342	LP002869	3522	0	81.0	180.0	1.0	3522	4.394449154672439	8.166784289056151	0	1	0	1	0	0	0	0	1	0	1	1	0	1	0	0	0
343	LP002870	4700	0	80.0	360.0	1.0	4700	4.382026634673881	8.45531778769815	0	1	0	1	0	0	1	0	0	1	0	1	0	0	0	1	1
344	LP002876	6858	0	176.0	360.0	1.0	6858	5.170483995038151	8.833171133022866	0	1	1	0	0	1	0	0	0	1	0	1	0	1	0	0	0
345	LP002878	8334	0	260.0	360.0	1.0	8334	5.560681631015528	9.0280988119824	0	1	0	1	0	0	0	0	1	1	0	1	0	0	0	1	1
346	LP002879	3391	1966	133.0	360.0	0.0	5357	4.890349128221754	8.58615939588096	0	1	0	1	0	1	0	0	0	1	0	1	0	1	0	0	1
347	LP002885	2868	0	70.0	360.0	1.0	2868	4.248495242049359	7.961370201719511	0	1	1	0	0	1	0	0	0	0	1	1	0	0	0	1	0
348	LP002890	3418	1380	135.0	360.0	1.0	4798	4.90527477843843	8.47595444339964	0	1	0	1	0	0	0	1	0	0	1	1	0	0	0	1	1
349	LP002891	2500	296	137.0	300.0	1.0	2796	4.919980925828125	7.935945103353701	0	1	0	1	0	1	0	0	0	1	0	0	1	1	0	0	1
350	LP002899	8667	0	254.0	360.0	1.0	8667	5.537334267018537	9.067277989134345	0	1	0	1	0	0	0	1	0	1	0	1	0	1	0	0	1
351	LP002901	2283	15000	106.0	360.0	1.0	17283	4.663439094112067	9.757478638400492	0	1	1	0	0	1	0	0	0	1	0	1	0	1	0	0	0
352	LP002907	5817	910	109.0	360.0	1.0	6727	4.6913478822291435	8.813884558025606	0	1	0	1	0	1	0	0	0	1	0	1	0	0	0	1	1
353	LP002920	5119	3769	120.0	360.0	1.0	8888	4.787491742782046	9.092457331319466	0	1	0	1	0	1	0	0	0	1	0	1	0	1	0	0	1
354	LP002921	5316	187	158.0	180.0	0.0	5503	5.062595033026967	8.613048677059759	0	1	0	1	0	0	0	0	1	0	1	1	0	0	1	0	1
355	LP002932	7603	1213	197.0	360.0	1.0	8816	5.2832037287379885	9.084323531392696	0	1	0	1	0	0	0	0	1	1	0	1	0	0	0	1	1
356	LP002935	3791	1936	85.0	360.0	1.0	5727	4.442651256490317	8.652947112393857	0	1	0	1	0	0	1	0	0	1	0	1	0	0	0	1	1
357	LP002952	2500	0	60.0	360.0	1.0	2500	4.0943445622221	7.824046010856292	0	1	1	0	0	1	0	0	0	1	0	1	0	0	0	1	1
358	LP002954	3132	0	76.0	360.0	1.0	3132	4.330733340286331	8.049427057110695	0	1	0	1	0	0	0	1	0	0	1	1	0	1	0	0	0
359	LP002962	4000	2667	152.0	360.0	1.0	6667	5.0238805208462765	8.80492526261806	0	1	1	0	0	1	0	0	0	1	0	1	0	0	1	0	0
360	LP002965	8550	4255	96.0	360.0	1.0	12805	4.564348191467836	9.457590998633625	1	0	0	1	0	1	0	0	0	1	0	1	0	0	0	1	0
361	LP002969	2269	2167	99.0	360.0	1.0	4436	4.59511985013459	8.397508348470257	0	1	0	1	0	0	1	0	0	1	0	1	0	0	1	0	1
362	LP002971	4009	1777	113.0	360.0	1.0	5786	4.727387818712341	8.66319648553608	0	1	0	1	0	0	0	0	1	0	1	0	1	0	0	1	1
363	LP002975	4158	709	115.0	360.0	1.0	4867	4.74493212836325	8.490233009833455	0	1	0	1	0	1	0	0	0	1	0	1	0	0	0	1	1
364	LP002980	3250	1993	126.0	360.0	1.0	5243	4.836281906951478	8.564649132572534	0	1	1	0	0	1	0	0	0	1	0	1	0	0	1	0	0
365	LP002986	5000	2393	158.0	360.0	1.0	7393	5.062595033026967	8.9082888855571	0	1	0	1	0	1	0	0	0	1	0	1	0	1	0	0	1
366	LP002989	9200	0	98.0	180.0	1.0	9200	4.584967478670572	9.126958763037132	0	1	1	0	0	1	0	0	0	1	0	0	1	1	0	0	0
